{"cameraMode":{"drawMode":0,"name":"Shaded","section":"Shading Mode"},"sceneLighting":true,"audioPlay":false,"sceneViewState":{"m_AlwaysRefresh":false,"showFog":true,"showSkybox":true,"showFlares":true,"showImageEffects":true,"showParticleSystems":true,"showVisualEffectGraphs":true,"m_FxEnabled":true},"in2DMode":false,"pivot":{"x":20.156633377075197,"y":-98.03606414794922,"z":87.56293487548828},"rotation":{"x":0.4737107455730438,"y":0.00264250161126256,"z":-0.0014205650659278036,"w":0.8806794285774231},"size":93.49932098388672,"orthographic":false}