{"cameraMode":{"drawMode":0,"name":"Shaded","section":"Shading Mode"},"sceneLighting":true,"audioPlay":false,"sceneViewState":{"m_AlwaysRefresh":false,"showFog":true,"showSkybox":true,"showFlares":true,"showImageEffects":true,"showParticleSystems":true,"showVisualEffectGraphs":true,"m_FxEnabled":true},"in2DMode":false,"pivot":{"x":11.744221687316895,"y":-48.63336944580078,"z":62.9473876953125},"rotation":{"x":0.4385698735713959,"y":0.040417611598968509,"z":-0.019749196246266366,"w":0.8975746631622315},"size":65.44303894042969,"orthographic":false}