{"cameraMode":{"drawMode":0,"name":"Shaded","section":"Shading Mode"},"sceneLighting":false,"audioPlay":false,"sceneViewState":{"m_AlwaysRefresh":false,"showFog":true,"showSkybox":false,"showFlares":true,"showImageEffects":true,"showParticleSystems":true,"showVisualEffectGraphs":true,"m_FxEnabled":true},"in2DMode":false,"pivot":{"x":0.10822020471096039,"y":1.54323148727417,"z":-0.4153432846069336},"rotation":{"x":0.32687506079673769,"y":0.0056707486510276798,"z":-0.0019606195855885746,"w":0.9450525045394898},"size":5.18105411529541,"orthographic":false}