{"cameraMode":{"drawMode":0,"name":"Shaded","section":"Shading Mode"},"sceneLighting":false,"audioPlay":false,"sceneViewState":{"m_AlwaysRefresh":false,"showFog":true,"showSkybox":false,"showFlares":true,"showImageEffects":true,"showParticleSystems":true,"showVisualEffectGraphs":true,"m_FxEnabled":true},"in2DMode":false,"pivot":{"x":1.208272933959961,"y":-3.950655460357666,"z":1.9186077117919922},"rotation":{"x":0.08529719710350037,"y":0.04780660569667816,"z":-0.0040974547155201439,"w":0.9952018857002258},"size":16.814363479614259,"orthographic":false}