{"cameraMode":{"drawMode":0,"name":"Shaded","section":"Shading Mode"},"sceneLighting":false,"audioPlay":false,"sceneViewState":{"m_AlwaysRefresh":false,"showFog":true,"showSkybox":false,"showFlares":true,"showImageEffects":true,"showParticleSystems":true,"showVisualEffectGraphs":true,"m_FxEnabled":true},"in2DMode":false,"pivot":{"x":1.0054490566253663,"y":-3.5293617248535158,"z":6.277338027954102},"rotation":{"x":0.40165525674819949,"y":0.05078544467687607,"z":-0.022314999252557756,"w":0.9141107201576233},"size":10.123705863952637,"orthographic":false}